Date,Price,Open,High,Low,Change %
21-Apr-20,1691.30,1691.13,1697.93,1661.20,-0.17%
20-Apr-20,1694.11,1692.25,1703.46,1671.49,0.56%
17-Apr-20,1684.69,1715.99,1719.12,1679.37,-1.96%
16-Apr-20,1718.40,1716.46,1739.17,1707.88,0.11%
15-Apr-20,1716.60,1728.80,1732.27,1707.71,-0.76%
14-Apr-20,1729.70,1712.34,1747.85,1708.55,0.90%
13-Apr-20,1714.32,1685.69,1723.88,1674.87,1.45%
10-Apr-20,1689.90,1676.00,1697.50,1676.00,0.35%
9-Apr-20,1684.07,1646.08,1691.17,1643.10,2.28%
8-Apr-20,1646.52,1647.59,1657.69,1641.94,-0.15%
7-Apr-20,1648.95,1663.03,1673.55,1641.89,-0.85%
6-Apr-20,1663.00,1597.50,1669.97,1597.50,2.75%
3-Apr-20,1618.45,1615.09,1626.07,1606.30,0.29%
2-Apr-20,1613.79,1590.52,1621.15,1579.04,1.18%
1-Apr-20,1595.05,1571.00,1603.41,1566.97,1.51%
31-Mar-20,1571.31,1618.49,1626.27,1566.23,-3.20%
30-Mar-20,1623.30,1622.00,1639.61,1608.72,-0.01%
27-Mar-20,1623.50,1632.38,1637.86,1612.22,-0.54%
26-Mar-20,1632.39,1617.25,1647.28,1595.84,1.15%
25-Mar-20,1613.79,1628.19,1643.05,1587.20,-0.51%
24-Mar-20,1622.03,1553.71,1638.72,1553.41,4.39%
23-Mar-20,1553.81,1508.15,1561.48,1485.10,3.71%
20-Mar-20,1498.24,1470.54,1516.25,1460.30,1.85%
19-Mar-20,1471.00,1485.90,1501.05,1464.18,-1.03%
18-Mar-20,1486.30,1527.70,1546.22,1472.86,-2.77%
17-Mar-20,1528.57,1512.45,1553.26,1465.81,0.92%
16-Mar-20,1514.61,1550.55,1573.49,1451.50,-0.99%
13-Mar-20,1529.70,1576.95,1597.72,1506.86,-3.00%
12-Mar-20,1577.08,1634.80,1650.47,1561.01,-3.54%
11-Mar-20,1635.03,1649.69,1671.13,1632.97,-0.87%
10-Mar-20,1649.36,1679.10,1680.53,1642.15,-1.84%
9-Mar-20,1680.20,1694.40,1702.96,1657.74,0.36%
6-Mar-20,1674.23,1670.58,1692.10,1648.12,0.22%
5-Mar-20,1670.61,1635.91,1674.69,1635.07,2.13%
4-Mar-20,1635.83,1639.76,1651.65,1632.06,-0.24%
3-Mar-20,1639.77,1590.77,1649.55,1587.86,3.08%
2-Mar-20,1590.73,1591.10,1611.03,1579.70,0.35%
28-Feb-20,1585.13,1642.15,1649.48,1565.86,-3.48%
27-Feb-20,1642.35,1640.55,1660.57,1635.65,0.15%
26-Feb-20,1639.96,1635.37,1655.09,1625.79,0.28%
25-Feb-20,1635.38,1660.72,1660.86,1629.10,-1.53%
24-Feb-20,1660.72,1659.05,1689.11,1652.37,1.04%
21-Feb-20,1643.70,1619.69,1649.15,1618.94,1.48%
20-Feb-20,1619.70,1611.71,1623.79,1603.98,0.50%
19-Feb-20,1611.64,1601.85,1613.04,1599.53,0.61%
18-Feb-20,1601.92,1583.44,1605.45,1583.09,1.32%
17-Feb-20,1581.10,1584.70,1584.81,1578.60,-0.23%
14-Feb-20,1584.70,1576.30,1585.05,1573.12,0.53%
13-Feb-20,1576.39,1565.62,1578.24,1565.53,0.69%
12-Feb-20,1565.63,1567.73,1570.59,1561.80,-0.13%
11-Feb-20,1567.71,1572.09,1574.17,1562.29,-0.29%
10-Feb-20,1572.30,1570.29,1577.23,1568.01,0.13%
7-Feb-20,1570.29,1566.86,1574.18,1562.39,0.22%
6-Feb-20,1566.85,1556.95,1568.55,1552.46,0.65%
5-Feb-20,1556.70,1552.56,1562.50,1547.40,0.27%
4-Feb-20,1552.56,1576.40,1579.57,1549.14,-1.52%
3-Feb-20,1576.45,1590.20,1591.84,1571.29,-0.86%
31-Jan-20,1590.20,1574.18,1590.21,1570.84,1.02%
30-Jan-20,1574.21,1577.09,1586.16,1572.65,-0.18%
29-Jan-20,1577.12,1566.19,1578.04,1563.21,0.69%
28-Jan-20,1566.24,1581.95,1583.27,1565.65,-0.99%
27-Jan-20,1581.94,1580.10,1586.81,1575.81,0.72%
24-Jan-20,1570.65,1563.30,1576.01,1556.42,0.47%
23-Jan-20,1563.32,1558.93,1568.17,1551.68,0.28%
22-Jan-20,1558.92,1558.03,1559.63,1550.08,0.06%
21-Jan-20,1558.02,1560.94,1568.75,1546.41,-0.23%
20-Jan-20,1561.58,1558.65,1563.00,1556.39,0.32%
17-Jan-20,1556.61,1552.90,1561.45,1549.36,0.25%
16-Jan-20,1552.79,1556.18,1558.19,1548.05,-0.22%
15-Jan-20,1556.19,1546.40,1558.44,1546.11,0.63%
14-Jan-20,1546.37,1548.31,1548.95,1536.12,-0.12%
13-Jan-20,1548.30,1562.29,1562.30,1546.77,-0.89%
10-Jan-20,1562.28,1552.40,1563.27,1545.52,0.64%
9-Jan-20,1552.37,1555.76,1561.67,1540.18,-0.22%
8-Jan-20,1555.81,1573.99,1611.15,1552.23,-1.15%
7-Jan-20,1573.99,1565.93,1577.53,1555.29,0.51%
6-Jan-20,1565.96,1561.15,1583.44,1560.90,0.92%
3-Jan-20,1551.65,1528.95,1553.70,1528.00,1.49%
2-Jan-20,1528.94,1517.24,1531.55,1517.22,0.77%
1-Jan-20,1517.30,1517.24,1517.48,1517.19,-0.01%
31-Dec-19,1517.40,1515.22,1525.45,1514.66,0.14%
30-Dec-19,1515.22,1511.80,1516.54,1510.43,0.30%
27-Dec-19,1510.67,1511.55,1515.47,1507.05,-0.06%
26-Dec-19,1511.55,1499.42,1512.77,1497.66,0.80%
25-Dec-19,1499.55,1499.55,1499.55,1499.55,0.00%
24-Dec-19,1499.56,1485.57,1500.77,1484.41,0.95%
23-Dec-19,1485.52,1478.20,1486.29,1477.51,0.50%
20-Dec-19,1478.20,1479.14,1481.26,1475.70,-0.06%
19-Dec-19,1479.15,1475.44,1481.97,1473.01,0.25%
18-Dec-19,1475.44,1476.45,1479.67,1470.32,-0.07%
17-Dec-19,1476.45,1476.25,1480.78,1474.23,0.01%
16-Dec-19,1476.25,1475.60,1480.03,1472.99,0.03%
13-Dec-19,1475.81,1469.47,1478.22,1462.48,0.43%
12-Dec-19,1469.43,1474.85,1486.95,1464.78,-0.37%
11-Dec-19,1474.85,1464.19,1479.04,1462.59,0.73%
10-Dec-19,1464.21,1461.93,1469.36,1459.80,0.15%
9-Dec-19,1461.99,1459.49,1465.80,1458.76,0.15%
6-Dec-19,1459.76,1475.70,1477.45,1458.61,-1.08%
5-Dec-19,1475.70,1474.34,1480.72,1472.90,0.09%
4-Dec-19,1474.35,1477.34,1484.55,1471.39,-0.20%
3-Dec-19,1477.34,1462.50,1482.22,1459.39,1.02%
2-Dec-19,1462.44,1467.03,1467.03,1453.91,-0.16%
29-Nov-19,1464.80,1455.90,1466.81,1452.93,0.44%
28-Nov-19,1458.34,1456.77,1458.57,1454.37,0.27%
27-Nov-19,1454.35,1461.65,1462.11,1452.45,-0.50%
26-Nov-19,1461.60,1454.98,1462.97,1450.63,0.46%
25-Nov-19,1454.97,1462.29,1462.41,1453.89,-0.50%
22-Nov-19,1462.29,1464.40,1473.30,1461.23,-0.14%
21-Nov-19,1464.40,1471.25,1475.98,1462.60,-0.47%
20-Nov-19,1471.25,1472.39,1479.15,1465.88,-0.08%
19-Nov-19,1472.38,1470.85,1475.72,1464.60,0.10%
18-Nov-19,1470.85,1467.66,1474.30,1456.26,0.24%
15-Nov-19,1467.37,1471.20,1471.49,1462.28,-0.26%
14-Nov-19,1471.20,1463.18,1474.62,1460.93,0.55%
13-Nov-19,1463.19,1457.19,1467.36,1455.96,0.41%
12-Nov-19,1457.19,1455.79,1460.55,1445.61,0.09%
11-Nov-19,1455.90,1458.96,1466.77,1448.28,-0.19%
8-Nov-19,1458.66,1468.01,1473.33,1456.28,-0.64%
7-Nov-19,1468.07,1490.44,1492.48,1461.24,-1.50%
6-Nov-19,1490.46,1484.10,1494.46,1482.45,0.43%
5-Nov-19,1484.10,1509.64,1510.10,1479.65,-1.69%
4-Nov-19,1509.63,1513.80,1514.97,1504.33,-0.29%
1-Nov-19,1513.95,1513.32,1515.81,1503.31,0.04%
31-Oct-19,1513.35,1496.40,1514.53,1493.72,1.20%
30-Oct-19,1495.40,1487.60,1496.91,1481.21,0.52%
29-Oct-19,1487.60,1492.69,1495.16,1483.72,-0.34%
28-Oct-19,1492.69,1504.34,1508.58,1489.86,-0.80%
25-Oct-19,1504.73,1504.75,1518.07,1500.56,0.07%
24-Oct-19,1503.65,1492.15,1504.27,1488.02,0.77%
23-Oct-19,1492.10,1488.35,1496.50,1487.62,0.27%
22-Oct-19,1488.05,1484.52,1489.29,1480.87,0.24%
21-Oct-19,1484.50,1492.02,1495.48,1481.91,-0.38%
18-Oct-19,1490.10,1492.17,1494.26,1484.82,-0.12%
17-Oct-19,1491.89,1490.55,1497.50,1483.45,0.14%
16-Oct-19,1489.77,1481.13,1491.65,1477.06,0.58%
15-Oct-19,1481.17,1493.20,1498.17,1477.53,-0.79%
14-Oct-19,1492.90,1488.90,1497.38,1482.82,0.20%
11-Oct-19,1489.85,1494.44,1503.45,1474.28,-0.30%
10-Oct-19,1494.30,1505.60,1517.08,1491.42,-0.76%
9-Oct-19,1505.70,1506.05,1511.60,1499.70,0.01%
8-Oct-19,1505.51,1493.55,1508.71,1487.45,0.80%
7-Oct-19,1493.60,1504.76,1509.64,1489.94,-0.73%
4-Oct-19,1504.60,1505.19,1511.17,1497.15,-0.03%
3-Oct-19,1505.00,1499.55,1518.81,1495.99,0.37%
2-Oct-19,1499.51,1479.19,1505.11,1474.42,1.39%
1-Oct-19,1478.98,1472.30,1487.37,1459.00,0.46%
30-Sep-19,1472.25,1497.07,1500.50,1464.42,-1.65%
27-Sep-19,1496.94,1506.00,1507.70,1487.04,-0.59%
26-Sep-19,1505.80,1503.94,1512.70,1501.97,0.11%
25-Sep-19,1504.15,1532.00,1535.42,1501.31,-1.84%
24-Sep-19,1532.30,1522.40,1535.85,1515.80,0.67%
23-Sep-19,1522.11,1516.66,1527.25,1511.50,0.33%
20-Sep-19,1517.15,1499.40,1517.24,1497.90,1.20%
19-Sep-19,1499.20,1494.00,1504.35,1488.90,0.35%
18-Sep-19,1493.90,1501.55,1511.32,1484.36,-0.61%
17-Sep-19,1503.10,1498.85,1507.48,1493.36,0.29%
16-Sep-19,1498.80,1503.34,1512.20,1495.75,0.68%
13-Sep-19,1488.70,1498.50,1509.25,1485.73,-0.68%
12-Sep-19,1498.95,1497.50,1523.96,1488.80,0.09%
11-Sep-19,1497.60,1486.45,1498.56,1485.00,0.75%
10-Sep-19,1486.40,1499.00,1501.45,1484.27,-0.84%
9-Sep-19,1498.95,1507.10,1515.55,1497.72,-0.53%
6-Sep-19,1506.95,1519.20,1527.90,1502.89,-0.82%
5-Sep-19,1519.35,1552.50,1553.38,1509.39,-2.14%
4-Sep-19,1552.60,1547.10,1557.38,1533.81,0.36%
3-Sep-19,1547.00,1529.60,1549.90,1521.51,1.07%
2-Sep-19,1530.59,1520.10,1533.81,1519.15,0.68%
30-Aug-19,1520.25,1527.60,1533.45,1517.43,-0.49%
29-Aug-19,1527.70,1539.20,1550.72,1519.50,-0.74%
28-Aug-19,1539.10,1541.80,1547.03,1531.55,-0.23%
27-Aug-19,1542.65,1526.30,1544.78,1524.85,1.07%
26-Aug-19,1526.35,1539.30,1555.13,1524.55,-0.03%
23-Aug-19,1526.85,1499.00,1530.11,1493.05,1.87%
22-Aug-19,1498.80,1502.20,1504.68,1491.85,-0.23%
21-Aug-19,1502.30,1507.70,1508.40,1496.15,-0.32%
20-Aug-19,1507.10,1495.60,1508.60,1492.85,0.79%
19-Aug-19,1495.30,1511.15,1513.00,1492.65,-1.24%
16-Aug-19,1514.15,1523.90,1527.75,1504.20,-0.59%
15-Aug-19,1523.20,1517.05,1527.00,1508.22,0.45%
14-Aug-19,1516.33,1501.38,1524.30,1494.34,1.00%
13-Aug-19,1501.39,1510.74,1534.75,1481.38,-0.66%
12-Aug-19,1511.41,1497.65,1517.95,1487.91,0.95%
9-Aug-19,1497.24,1501.20,1508.40,1494.69,-0.25%
8-Aug-19,1500.95,1501.50,1509.72,1490.08,-0.02%
7-Aug-19,1501.20,1474.25,1510.28,1472.28,1.83%
6-Aug-19,1474.27,1464.00,1475.04,1456.61,0.72%
5-Aug-19,1463.80,1440.65,1470.05,1437.03,1.60%
2-Aug-19,1440.70,1445.80,1448.23,1430.20,-0.32%
1-Aug-19,1445.31,1411.34,1445.98,1400.65,2.23%
31-Jul-19,1413.80,1431.05,1433.07,1411.42,-1.19%
30-Jul-19,1430.85,1426.84,1433.12,1422.12,0.27%
29-Jul-19,1426.94,1419.49,1428.46,1416.98,0.58%
26-Jul-19,1418.69,1414.40,1424.83,1413.72,0.29%
25-Jul-19,1414.53,1426.30,1433.84,1411.08,-0.80%
24-Jul-19,1425.90,1417.55,1429.55,1416.43,0.60%
23-Jul-19,1417.39,1425.15,1429.25,1414.29,-0.54%
22-Jul-19,1425.12,1425.15,1429.77,1422.34,-0.01%
19-Jul-19,1425.30,1446.40,1452.96,1420.40,-1.45%
18-Jul-19,1446.30,1426.80,1448.35,1414.68,1.37%
17-Jul-19,1426.80,1406.59,1427.00,1400.18,1.46%
16-Jul-19,1406.33,1415.05,1418.34,1401.23,-0.55%
15-Jul-19,1414.08,1415.75,1419.75,1407.69,-0.12%
12-Jul-19,1415.74,1403.90,1417.09,1403.12,0.84%
11-Jul-19,1404.00,1419.20,1426.21,1401.58,-1.06%
10-Jul-19,1419.00,1397.80,1419.21,1389.88,1.51%
9-Jul-19,1397.90,1395.60,1400.13,1386.35,0.17%
8-Jul-19,1395.50,1400.05,1408.03,1391.79,-0.32%
5-Jul-19,1399.95,1415.80,1424.24,1386.97,-1.11%
4-Jul-19,1415.65,1419.59,1422.02,1410.43,-0.23%
3-Jul-19,1418.94,1419.95,1436.29,1412.52,0.03%
2-Jul-19,1418.44,1383.55,1419.80,1383.55,2.47%
1-Jul-19,1384.31,1392.83,1397.69,1381.84,-1.79%
28-Jun-19,1409.50,1409.56,1424.67,1406.64,-0.01%
27-Jun-19,1409.68,1409.55,1411.94,1400.23,0.07%
26-Jun-19,1408.75,1423.90,1424.03,1402.37,-1.02%
25-Jun-19,1423.25,1419.17,1438.99,1412.30,0.26%
24-Jun-19,1419.55,1401.35,1421.20,1400.33,1.47%
21-Jun-19,1399.05,1388.22,1411.08,1382.44,0.78%
20-Jun-19,1388.18,1360.34,1393.30,1357.66,2.05%
19-Jun-19,1360.27,1346.55,1362.50,1341.19,1.02%
18-Jun-19,1346.48,1340.30,1354.68,1338.54,0.52%
17-Jun-19,1339.54,1342.05,1343.53,1332.83,-0.15%
14-Jun-19,1341.58,1341.70,1358.40,1337.88,-0.06%
13-Jun-19,1342.35,1334.00,1343.41,1332.22,0.66%
12-Jun-19,1333.55,1327.05,1338.58,1326.04,0.50%
11-Jun-19,1326.91,1328.40,1330.22,1319.74,-0.09%
10-Jun-19,1328.13,1335.94,1337.77,1324.90,-0.94%
7-Jun-19,1340.70,1335.45,1348.45,1330.08,0.39%
6-Jun-19,1335.55,1331.99,1340.09,1327.26,0.40%
5-Jun-19,1330.18,1325.50,1344.24,1324.53,0.37%
4-Jun-19,1325.28,1325.05,1329.41,1319.90,0.01%
3-Jun-19,1325.17,1307.40,1328.34,1306.62,1.50%
31-May-19,1305.65,1288.35,1307.11,1288.00,1.30%
30-May-19,1288.85,1279.74,1289.24,1274.82,0.72%
29-May-19,1279.60,1279.56,1285.79,1278.88,0.01%
28-May-19,1279.49,1285.55,1286.75,1276.01,-0.44%
27-May-19,1285.20,1285.80,1287.69,1283.68,0.02%
24-May-19,1284.90,1283.55,1285.59,1280.59,0.11%
23-May-19,1283.45,1273.80,1287.62,1272.61,0.77%
22-May-19,1273.61,1274.74,1277.59,1272.28,-0.11%
21-May-19,1274.97,1278.10,1278.16,1269.34,-0.22%
20-May-19,1277.74,1277.80,1279.32,1273.60,0.02%
17-May-19,1277.55,1286.50,1289.24,1274.91,-0.71%
16-May-19,1286.65,1296.90,1299.06,1284.06,-0.77%
15-May-19,1296.67,1297.17,1301.18,1292.85,-0.03%
14-May-19,1297.03,1300.24,1303.47,1293.52,-0.22%
13-May-19,1299.91,1286.71,1301.50,1281.77,1.08%
10-May-19,1286.00,1284.34,1289.60,1283.10,0.14%
9-May-19,1284.14,1280.74,1288.57,1279.43,0.25%
8-May-19,1280.93,1284.15,1291.73,1279.37,-0.33%
7-May-19,1285.15,1281.10,1286.37,1278.04,0.38%
6-May-19,1280.32,1281.19,1285.90,1276.85,0.09%
3-May-19,1279.19,1270.74,1282.84,1268.90,0.68%
2-May-19,1270.54,1276.94,1278.18,1266.18,-0.48%
1-May-19,1276.60,1283.59,1287.38,1273.16,-0.54%
30-Apr-19,1283.60,1279.98,1286.58,1279.69,0.30%
29-Apr-19,1279.80,1286.55,1287.00,1277.97,-0.50%
26-Apr-19,1286.25,1277.27,1289.01,1276.05,0.70%
25-Apr-19,1277.35,1275.60,1282.81,1273.35,0.16%
24-Apr-19,1275.36,1272.30,1278.79,1268.58,0.23%
23-Apr-19,1272.40,1275.40,1276.83,1266.25,-0.20%
22-Apr-19,1274.93,1275.83,1280.14,1273.66,-0.04%
18-Apr-19,1275.40,1273.49,1277.97,1271.07,0.10%
17-Apr-19,1274.14,1276.84,1280.01,1272.94,-0.19%
16-Apr-19,1276.57,1287.90,1288.85,1272.94,-0.88%
15-Apr-19,1287.89,1290.60,1292.08,1282.37,-0.19%
12-Apr-19,1290.40,1292.30,1296.10,1290.09,-0.17%
11-Apr-19,1292.59,1308.10,1309.37,1289.66,-1.18%
10-Apr-19,1308.05,1304.09,1310.96,1301.06,0.30%
9-Apr-19,1304.14,1297.65,1306.50,1296.57,0.52%
8-Apr-19,1297.42,1291.80,1303.97,1291.39,0.44%
5-Apr-19,1291.70,1292.44,1293.69,1284.44,-0.05%
4-Apr-19,1292.38,1290.10,1294.55,1280.91,0.19%
3-Apr-19,1289.91,1292.34,1294.81,1288.34,-0.25%
2-Apr-19,1293.15,1287.55,1293.15,1285.17,0.43%
1-Apr-19,1287.67,1291.48,1297.23,1286.64,-0.35%
29-Mar-19,1292.15,1290.59,1300.01,1286.77,0.12%
28-Mar-19,1290.55,1309.85,1312.48,1288.58,-1.47%
27-Mar-19,1309.86,1315.61,1319.60,1308.03,-0.43%
26-Mar-19,1315.52,1321.80,1323.41,1312.69,-0.48%
25-Mar-19,1321.90,1313.35,1324.57,1310.97,0.65%
22-Mar-19,1313.38,1309.55,1315.20,1306.81,0.30%
21-Mar-19,1309.45,1313.05,1320.62,1303.40,-0.23%
20-Mar-19,1312.48,1305.74,1317.03,1298.58,0.45%
19-Mar-19,1306.55,1303.60,1311.19,1302.50,0.22%
18-Mar-19,1303.70,1302.34,1306.89,1298.19,0.18%
15-Mar-19,1301.38,1296.15,1306.79,1293.82,0.39%
14-Mar-19,1296.28,1309.76,1310.53,1292.83,-0.99%
13-Mar-19,1309.28,1302.16,1311.56,1300.61,0.56%
12-Mar-19,1302.01,1293.84,1302.40,1292.08,0.60%
11-Mar-19,1294.25,1298.85,1299.44,1290.34,-0.32%
8-Mar-19,1298.40,1285.78,1300.85,1285.18,0.98%
7-Mar-19,1285.74,1286.71,1289.10,1281.27,-0.08%
6-Mar-19,1286.76,1287.48,1291.11,1283.51,-0.05%
5-Mar-19,1287.43,1286.67,1289.92,1281.10,0.06%
4-Mar-19,1286.67,1293.61,1297.35,1282.88,-0.53%
1-Mar-19,1293.56,1312.94,1315.46,1290.24,-1.48%
28-Feb-19,1313.05,1319.87,1327.44,1312.41,-0.52%
27-Feb-19,1319.88,1328.92,1329.96,1316.78,-0.68%
26-Feb-19,1328.96,1327.11,1330.40,1323.44,0.14%
25-Feb-19,1327.13,1328.89,1332.80,1325.15,-0.05%
22-Feb-19,1327.80,1323.51,1333.41,1321.39,0.32%
21-Feb-19,1323.49,1338.59,1341.71,1321.99,-1.12%
20-Feb-19,1338.49,1341.24,1347.11,1336.79,-0.20%
19-Feb-19,1341.17,1326.25,1342.11,1322.63,1.08%
18-Feb-19,1326.90,1321.41,1328.05,1320.60,0.42%
15-Feb-19,1321.41,1312.64,1322.76,1311.17,0.68%
14-Feb-19,1312.55,1306.17,1314.70,1302.88,0.49%
13-Feb-19,1306.19,1310.89,1318.36,1304.80,-0.36%
12-Feb-19,1310.90,1308.22,1315.10,1306.44,0.20%
11-Feb-19,1308.32,1314.55,1315.01,1303.69,-0.44%
8-Feb-19,1314.06,1310.13,1316.05,1307.53,0.30%
7-Feb-19,1310.09,1306.19,1312.27,1302.53,0.30%
6-Feb-19,1306.22,1315.02,1316.16,1305.70,-0.67%
5-Feb-19,1315.02,1311.73,1317.13,1310.59,0.25%
4-Feb-19,1311.75,1318.13,1319.11,1308.50,-0.47%
1-Feb-19,1318.00,1320.93,1323.82,1315.94,-0.22%
31-Jan-19,1320.94,1319.87,1326.65,1317.39,0.08%
30-Jan-19,1319.91,1311.95,1323.67,1308.81,0.61%
29-Jan-19,1311.93,1303.53,1312.34,1302.45,0.64%
28-Jan-19,1303.53,1303.82,1304.79,1297.54,0.02%
25-Jan-19,1303.22,1280.93,1303.78,1279.71,1.74%
24-Jan-19,1280.94,1282.42,1285.19,1276.79,-0.11%
23-Jan-19,1282.40,1285.04,1286.90,1278.40,-0.21%
22-Jan-19,1285.04,1279.94,1285.84,1277.21,0.37%
21-Jan-19,1280.28,1281.64,1283.95,1276.58,-0.09%
18-Jan-19,1281.49,1291.88,1292.73,1280.49,-0.81%
17-Jan-19,1291.90,1293.55,1295.62,1288.67,-0.13%
16-Jan-19,1293.52,1289.11,1295.22,1287.77,0.33%
15-Jan-19,1289.31,1291.73,1295.03,1286.60,-0.19%
14-Jan-19,1291.73,1287.70,1296.21,1287.45,0.29%
11-Jan-19,1288.00,1286.30,1295.55,1286.01,0.13%
10-Jan-19,1286.38,1293.13,1297.47,1285.99,-0.52%
9-Jan-19,1293.13,1285.36,1294.25,1279.90,0.61%
8-Jan-19,1285.35,1288.68,1290.44,1279.10,-0.26%
7-Jan-19,1288.67,1286.01,1295.42,1282.53,0.29%
4-Jan-19,1284.92,1294.04,1298.68,1276.66,-0.70%
3-Jan-19,1293.99,1284.80,1295.11,1284.17,0.72%
2-Jan-19,1284.77,1282.30,1288.93,1278.59,0.17%
1-Jan-19,1282.61,1282.78,1283.05,1282.52,-0.02%
31-Dec-18,1282.82,1280.20,1284.34,1277.31,0.16%
28-Dec-18,1280.75,1275.23,1282.34,1274.19,0.43%
27-Dec-18,1275.22,1266.89,1279.30,1266.42,0.65%
26-Dec-18,1266.98,1270.75,1279.33,1264.56,-0.17%
24-Dec-18,1269.13,1258.65,1270.13,1257.96,1.04%
21-Dec-18,1256.01,1260.10,1263.12,1253.68,-0.33%
20-Dec-18,1260.15,1243.40,1266.70,1242.70,1.35%
19-Dec-18,1243.40,1249.37,1258.44,1241.49,-0.48%
18-Dec-18,1249.38,1246.02,1250.63,1244.79,0.28%
17-Dec-18,1245.91,1237.60,1248.46,1235.69,0.62%
14-Dec-18,1238.21,1242.43,1243.30,1232.70,-0.34%
13-Dec-18,1242.46,1245.69,1247.14,1240.05,-0.27%
12-Dec-18,1245.80,1242.94,1247.52,1241.94,0.23%
11-Dec-18,1242.94,1244.52,1249.89,1240.81,-0.13%
10-Dec-18,1244.58,1250.76,1250.85,1241.47,-0.28%
7-Dec-18,1248.09,1238.00,1250.44,1237.29,0.82%
6-Dec-18,1237.99,1237.56,1244.72,1234.56,0.04%
5-Dec-18,1237.56,1238.55,1239.64,1233.21,-0.08%
4-Dec-18,1238.55,1231.03,1242.22,1230.34,0.61%
3-Dec-18,1231.07,1223.19,1235.19,1221.22,0.75%
30-Nov-18,1221.96,1223.95,1225.95,1216.49,-0.17%
29-Nov-18,1223.99,1221.13,1229.23,1220.45,0.24%
28-Nov-18,1221.11,1214.64,1226.55,1210.99,0.53%
27-Nov-18,1214.69,1222.36,1225.43,1211.71,-0.63%
26-Nov-18,1222.37,1224.04,1228.44,1221.45,-0.07%
23-Nov-18,1223.19,1227.08,1228.92,1220.12,-0.35%
22-Nov-18,1227.45,1226.02,1229.45,1224.81,0.12%
21-Nov-18,1226.02,1221.53,1230.33,1219.52,0.37%
20-Nov-18,1221.55,1224.06,1229.04,1219.69,-0.20%
19-Nov-18,1224.05,1222.34,1225.51,1217.82,0.21%
16-Nov-18,1221.47,1213.01,1225.67,1212.61,0.70%
15-Nov-18,1213.00,1210.85,1216.66,1207.83,0.17%
14-Nov-18,1210.91,1202.25,1216.51,1197.43,0.71%
13-Nov-18,1202.34,1200.65,1205.57,1196.19,0.14%
12-Nov-18,1200.65,1210.05,1211.79,1200.31,-0.74%
9-Nov-18,1209.59,1223.54,1224.09,1206.53,-1.14%
8-Nov-18,1223.54,1226.04,1227.24,1219.94,-0.21%
7-Nov-18,1226.10,1226.92,1236.20,1223.13,-0.06%
6-Nov-18,1226.80,1231.36,1236.33,1223.34,-0.37%
5-Nov-18,1231.30,1233.09,1235.32,1226.77,-0.13%
2-Nov-18,1232.89,1234.37,1236.72,1229.67,-0.03%
1-Nov-18,1233.23,1215.24,1237.74,1214.69,1.54%
31-Oct-18,1214.54,1223.04,1223.50,1211.82,-0.73%
30-Oct-18,1223.44,1230.06,1230.83,1219.71,-0.51%
29-Oct-18,1229.74,1234.15,1235.73,1224.31,-0.31%
26-Oct-18,1233.58,1232.25,1243.63,1229.78,0.11%
25-Oct-18,1232.23,1234.55,1239.54,1227.84,-0.16%
24-Oct-18,1234.22,1230.52,1234.24,1225.42,0.30%
23-Oct-18,1230.48,1222.15,1239.94,1221.65,0.68%
22-Oct-18,1222.17,1228.06,1229.78,1219.95,-0.34%
19-Oct-18,1226.31,1225.66,1231.01,1222.93,0.05%
18-Oct-18,1225.75,1222.02,1230.51,1218.44,0.25%
17-Oct-18,1222.68,1224.59,1229.82,1220.33,-0.14%
16-Oct-18,1224.43,1227.17,1232.71,1223.35,-0.20%
15-Oct-18,1226.94,1217.44,1233.67,1217.40,0.74%
12-Oct-18,1217.93,1224.24,1224.38,1215.60,-0.52%
11-Oct-18,1224.33,1194.95,1226.51,1191.10,2.47%
10-Oct-18,1194.78,1189.66,1194.98,1185.13,0.43%
9-Oct-18,1189.62,1188.63,1192.19,1183.24,0.14%
8-Oct-18,1188.01,1203.15,1204.31,1183.57,-1.23%
5-Oct-18,1202.85,1199.75,1206.09,1196.99,0.27%
4-Oct-18,1199.66,1197.35,1207.09,1195.77,0.19%
3-Oct-18,1197.37,1203.45,1208.72,1196.55,-0.48%
2-Oct-18,1203.10,1188.86,1208.52,1188.44,1.23%
1-Oct-18,1188.46,1192.19,1192.51,1184.46,-0.30%
28-Sep-18,1192.09,1182.89,1193.95,1180.68,0.79%
27-Sep-18,1182.80,1194.84,1198.96,1181.88,-0.98%
26-Sep-18,1194.46,1201.23,1202.84,1190.41,-0.57%
25-Sep-18,1201.31,1198.84,1203.51,1197.01,0.20%
24-Sep-18,1198.85,1198.31,1204.44,1194.21,-0.06%
21-Sep-18,1199.55,1207.48,1211.39,1191.76,-0.67%
20-Sep-18,1207.58,1203.83,1208.69,1201.07,0.30%
19-Sep-18,1203.98,1198.17,1206.41,1197.64,0.47%
18-Sep-18,1198.35,1201.86,1203.78,1195.76,-0.21%
17-Sep-18,1200.93,1193.18,1205.17,1192.76,0.60%
14-Sep-18,1193.71,1201.76,1208.94,1192.93,-0.64%
13-Sep-18,1201.44,1206.94,1212.90,1199.98,-0.39%
12-Sep-18,1206.19,1198.65,1208.85,1192.51,0.66%
11-Sep-18,1198.29,1195.43,1199.60,1187.57,0.20%
10-Sep-18,1195.88,1195.41,1198.72,1191.40,0.00%
7-Sep-18,1195.85,1199.97,1203.80,1193.19,-0.36%
6-Sep-18,1200.15,1197.23,1207.37,1195.61,0.28%
5-Sep-18,1196.75,1191.47,1198.72,1190.86,0.45%
4-Sep-18,1191.35,1201.67,1202.33,1189.53,-0.82%
3-Sep-18,1201.15,1200.29,1204.20,1195.64,0.01%
31-Aug-18,1201.09,1200.58,1209.17,1198.42,0.10%
30-Aug-18,1199.88,1206.58,1208.05,1196.20,-0.56%
29-Aug-18,1206.66,1201.31,1207.63,1200.89,0.45%
28-Aug-18,1201.26,1211.61,1214.67,1199.39,-0.83%
27-Aug-18,1211.34,1206.94,1212.63,1202.86,0.45%
24-Aug-18,1205.96,1185.41,1208.83,1183.12,1.74%
23-Aug-18,1185.31,1195.94,1196.84,1183.67,-0.85%
22-Aug-18,1195.51,1196.80,1201.84,1192.40,-0.05%
21-Aug-18,1196.13,1190.61,1197.13,1187.47,0.47%
20-Aug-18,1190.53,1183.74,1191.26,1182.61,0.49%
17-Aug-18,1184.77,1173.73,1185.34,1171.82,0.90%
16-Aug-18,1174.16,1175.57,1182.25,1160.19,-0.06%
15-Aug-18,1174.88,1194.41,1194.84,1173.03,-1.60%
14-Aug-18,1194.03,1194.19,1198.99,1191.99,0.03%
13-Aug-18,1193.64,1211.24,1214.07,1191.61,-1.46%
10-Aug-18,1211.30,1212.54,1217.29,1205.66,-0.09%
9-Aug-18,1212.34,1213.94,1217.64,1210.64,-0.10%
8-Aug-18,1213.60,1210.81,1216.20,1206.28,0.21%
7-Aug-18,1211.02,1207.54,1216.51,1207.54,0.34%
6-Aug-18,1206.94,1213.65,1218.21,1206.44,-0.53%
3-Aug-18,1213.43,1208.09,1220.38,1204.28,0.45%
2-Aug-18,1207.96,1215.46,1221.39,1207.03,-0.67%
1-Aug-18,1216.06,1223.97,1225.10,1215.58,-0.64%
31-Jul-18,1223.83,1221.78,1228.52,1214.48,0.17%
30-Jul-18,1221.80,1222.96,1225.44,1218.86,-0.13%
27-Jul-18,1223.38,1222.99,1227.51,1217.30,0.06%
26-Jul-18,1222.68,1231.34,1235.57,1222.13,-0.73%
25-Jul-18,1231.61,1224.34,1234.51,1223.02,0.58%
24-Jul-18,1224.55,1224.94,1229.76,1218.08,0.00%
23-Jul-18,1224.54,1231.55,1235.50,1222.07,-0.59%
20-Jul-18,1231.77,1223.33,1232.94,1215.70,0.73%
19-Jul-18,1222.80,1227.46,1229.07,1211.48,-0.36%
18-Jul-18,1227.18,1227.47,1229.54,1221.07,-0.03%
17-Jul-18,1227.52,1240.76,1245.31,1225.94,-1.07%
16-Jul-18,1240.82,1241.41,1245.90,1238.13,-0.06%
13-Jul-18,1241.52,1247.45,1248.27,1236.78,-0.45%
12-Jul-18,1247.15,1242.14,1248.93,1241.23,0.40%
11-Jul-18,1242.16,1255.88,1257.10,1241.28,-1.07%
10-Jul-18,1255.65,1257.68,1260.64,1247.16,-0.17%
9-Jul-18,1257.77,1255.13,1266.26,1255.02,0.22%
6-Jul-18,1254.98,1257.50,1258.96,1252.54,-0.22%
5-Jul-18,1257.76,1256.87,1259.99,1251.04,0.06%
4-Jul-18,1256.95,1252.14,1261.44,1251.81,0.32%
3-Jul-18,1252.93,1242.13,1257.31,1237.71,0.88%
2-Jul-18,1241.97,1253.49,1254.48,1239.45,-0.88%
29-Jun-18,1253.00,1247.99,1256.04,1246.06,0.38%
28-Jun-18,1248.28,1251.96,1254.42,1245.67,-0.30%
27-Jun-18,1252.02,1258.28,1260.23,1250.64,-0.55%
26-Jun-18,1258.98,1266.11,1268.04,1254.54,-0.55%
25-Jun-18,1266.00,1271.74,1272.90,1264.20,-0.26%
22-Jun-18,1269.28,1267.30,1271.27,1266.48,0.16%
21-Jun-18,1267.20,1268.34,1270.47,1261.23,-0.07%
20-Jun-18,1268.10,1274.81,1276.59,1267.60,-0.52%
19-Jun-18,1274.77,1278.56,1284.43,1270.28,-0.28%
18-Jun-18,1278.31,1279.15,1281.92,1276.94,-0.12%
15-Jun-18,1279.84,1302.26,1303.33,1275.30,-1.72%
14-Jun-18,1302.22,1299.84,1309.64,1297.32,0.19%
13-Jun-18,1299.71,1295.98,1301.44,1292.42,0.29%
12-Jun-18,1295.97,1300.42,1300.81,1292.97,-0.32%
11-Jun-18,1300.15,1299.40,1302.50,1293.96,0.11%
8-Jun-18,1298.75,1297.03,1300.93,1293.84,0.13%
7-Jun-18,1297.13,1296.98,1303.30,1294.87,0.01%
6-Jun-18,1297.00,1296.58,1302.10,1293.77,0.07%
5-Jun-18,1296.14,1292.34,1300.81,1289.77,0.32%
4-Jun-18,1291.98,1293.16,1298.26,1290.18,-0.09%
1-Jun-18,1293.15,1298.79,1300.66,1289.34,-0.40%
31-May-18,1298.32,1301.56,1306.69,1297.75,-0.24%
30-May-18,1301.48,1299.20,1304.55,1295.66,0.20%
29-May-18,1298.85,1298.15,1306.46,1293.62,0.06%
28-May-18,1298.10,1298.93,1300.30,1295.41,-0.27%
25-May-18,1301.61,1304.42,1307.95,1299.81,-0.25%
24-May-18,1304.88,1294.08,1306.77,1292.68,0.86%
23-May-18,1293.75,1291.18,1298.01,1288.02,0.19%
22-May-18,1291.32,1292.93,1296.28,1287.78,-0.10%
21-May-18,1292.68,1290.90,1293.38,1282.00,0.01%
18-May-18,1292.50,1290.74,1294.44,1286.02,0.12%
17-May-18,1291.00,1290.57,1294.59,1285.64,0.00%
16-May-18,1291.03,1289.98,1297.13,1286.37,0.03%
15-May-18,1290.65,1313.13,1315.06,1288.56,-1.69%
14-May-18,1312.82,1318.55,1322.58,1312.75,-0.41%
11-May-18,1318.22,1321.44,1326.17,1317.63,-0.24%
10-May-18,1321.40,1312.06,1322.94,1310.74,0.66%
9-May-18,1312.78,1314.51,1317.61,1304.34,-0.13%
8-May-18,1314.47,1313.59,1317.86,1305.99,0.01%
7-May-18,1314.30,1315.05,1319.08,1310.15,-0.06%
4-May-18,1315.05,1312.31,1315.47,1308.08,0.23%
3-May-18,1312.09,1304.78,1318.23,1304.60,0.56%
2-May-18,1304.84,1304.20,1313.59,1303.79,0.07%
1-May-18,1303.97,1315.40,1316.56,1301.74,-0.87%
30-Apr-18,1315.35,1322.80,1325.17,1310.29,-0.56%
27-Apr-18,1322.80,1317.07,1325.41,1315.45,0.42%
26-Apr-18,1317.28,1322.91,1326.80,1315.24,-0.46%
25-Apr-18,1323.33,1330.64,1332.26,1318.76,-0.55%
24-Apr-18,1330.68,1324.74,1332.86,1322.51,0.43%
23-Apr-18,1325.00,1335.19,1335.66,1322.04,-0.76%
20-Apr-18,1335.13,1346.22,1346.47,1334.86,-0.78%
19-Apr-18,1345.60,1349.38,1354.95,1340.94,-0.28%
18-Apr-18,1349.32,1347.53,1355.90,1342.07,0.15%
17-Apr-18,1347.29,1345.82,1349.61,1337.59,0.10%
16-Apr-18,1345.92,1344.60,1350.73,1340.07,0.03%
13-Apr-18,1345.46,1335.17,1347.31,1335.17,0.75%
12-Apr-18,1335.48,1352.68,1353.42,1333.74,-1.32%
11-Apr-18,1353.29,1339.69,1365.37,1339.48,0.99%
10-Apr-18,1340.05,1336.37,1342.79,1331.11,0.28%
9-Apr-18,1336.24,1333.21,1338.16,1326.80,0.23%
6-Apr-18,1333.19,1326.70,1335.49,1321.28,0.50%
5-Apr-18,1326.55,1333.03,1335.10,1322.63,-0.51%
4-Apr-18,1333.34,1332.89,1348.27,1331.44,0.04%
3-Apr-18,1332.82,1340.86,1342.68,1328.93,-0.64%
2-Apr-18,1341.35,1326.21,1345.03,1324.76,1.23%
29-Mar-18,1325.00,1324.94,1328.54,1321.33,0.00%
28-Mar-18,1324.99,1345.74,1347.23,1323.42,-1.47%
27-Mar-18,1344.71,1353.51,1356.87,1339.93,-0.65%
26-Mar-18,1353.46,1347.90,1356.13,1343.40,0.46%
23-Mar-18,1347.22,1329.33,1350.41,1328.98,1.37%
22-Mar-18,1328.95,1332.18,1335.01,1324.73,-0.24%
21-Mar-18,1332.18,1311.20,1336.79,1309.80,1.60%
20-Mar-18,1311.21,1317.23,1318.48,1307.13,-0.44%
19-Mar-18,1316.94,1313.94,1319.86,1307.71,0.22%
16-Mar-18,1314.00,1316.56,1321.86,1309.56,-0.17%
15-Mar-18,1316.26,1324.62,1328.06,1314.86,-0.66%
14-Mar-18,1325.00,1326.45,1330.27,1321.58,-0.11%
13-Mar-18,1326.40,1322.90,1328.48,1316.55,0.25%
12-Mar-18,1323.05,1323.69,1324.52,1315.18,-0.05%
9-Mar-18,1323.70,1322.33,1325.33,1313.06,0.10%
8-Mar-18,1322.34,1325.49,1329.22,1318.98,-0.24%
7-Mar-18,1325.54,1334.51,1340.68,1322.24,-0.67%
6-Mar-18,1334.46,1320.03,1338.72,1319.72,1.09%
5-Mar-18,1320.02,1323.78,1328.02,1317.43,-0.17%
2-Mar-18,1322.20,1316.54,1325.65,1315.12,0.43%
1-Mar-18,1316.55,1318.22,1321.16,1302.76,-0.11%
28-Feb-18,1318.05,1318.20,1322.64,1315.59,-0.01%
27-Feb-18,1318.20,1333.14,1336.90,1313.47,-1.12%
26-Feb-18,1333.16,1327.92,1341.06,1326.59,0.32%
23-Feb-18,1328.94,1331.81,1332.42,1325.73,-0.19%
22-Feb-18,1331.51,1323.94,1332.34,1320.84,0.55%
21-Feb-18,1324.26,1329.48,1336.27,1322.36,-0.39%
20-Feb-18,1329.49,1346.77,1348.36,1328.39,-1.28%
19-Feb-18,1346.69,1347.67,1351.34,1345.82,-0.09%
16-Feb-18,1347.86,1353.31,1361.97,1344.82,-0.40%
15-Feb-18,1353.30,1350.78,1357.18,1348.41,0.19%
14-Feb-18,1350.76,1329.53,1355.57,1319.42,1.60%
13-Feb-18,1329.55,1322.29,1330.96,1321.39,0.50%
12-Feb-18,1322.88,1315.04,1326.20,1314.11,0.47%
9-Feb-18,1316.69,1318.87,1322.71,1311.06,-0.17%
8-Feb-18,1318.97,1318.61,1322.17,1306.90,0.04%
7-Feb-18,1318.49,1325.16,1332.49,1312.05,-0.49%
6-Feb-18,1325.02,1339.68,1346.08,1320.04,-1.09%
5-Feb-18,1339.60,1332.32,1341.70,1328.88,0.50%
2-Feb-18,1332.98,1349.16,1350.12,1327.21,-1.20%
1-Feb-18,1349.19,1345.40,1351.42,1337.30,0.30%
31-Jan-18,1345.10,1338.87,1347.93,1332.70,0.49%
30-Jan-18,1338.55,1340.67,1349.12,1334.48,-0.13%
29-Jan-18,1340.35,1350.07,1352.65,1337.74,-0.73%
26-Jan-18,1350.14,1348.36,1357.39,1344.38,0.16%
25-Jan-18,1348.05,1358.48,1366.47,1343.10,-0.74%
24-Jan-18,1358.15,1341.45,1361.88,1339.27,1.25%
23-Jan-18,1341.39,1334.45,1342.22,1331.54,0.55%
22-Jan-18,1334.11,1334.88,1336.04,1328.71,0.17%
19-Jan-18,1331.80,1327.49,1338.37,1326.46,0.35%
18-Jan-18,1327.19,1327.75,1333.14,1323.79,-0.04%
17-Jan-18,1327.73,1338.29,1343.99,1326.73,-0.81%
16-Jan-18,1338.61,1340.06,1342.35,1331.73,-0.12%
15-Jan-18,1340.16,1337.05,1344.93,1336.14,0.13%
12-Jan-18,1338.40,1322.82,1339.40,1321.16,1.21%
11-Jan-18,1322.42,1316.89,1323.98,1315.49,0.40%
10-Jan-18,1317.19,1313.28,1326.94,1308.29,0.35%
9-Jan-18,1312.66,1320.63,1320.68,1308.80,-0.60%
8-Jan-18,1320.58,1320.04,1322.22,1314.97,0.03%
5-Jan-18,1320.21,1323.50,1323.83,1313.81,-0.21%
4-Jan-18,1322.97,1312.53,1325.92,1305.67,0.77%
3-Jan-18,1312.84,1318.16,1321.40,1307.16,-0.40%
2-Jan-18,1318.14,1302.55,1318.98,1302.51,0.86%
1-Jan-18,1306.86,1303.43,1307.72,1302.43,0.33%
29-Dec-17,1302.55,1294.85,1307.69,1293.59,0.60%
28-Dec-17,1294.84,1287.31,1295.30,1286.66,0.58%
27-Dec-17,1287.41,1283.64,1289.40,1281.46,0.32%
26-Dec-17,1283.29,1274.91,1283.77,1273.25,0.63%
25-Dec-17,1275.24,1275.24,1275.24,1275.24,0.02%
22-Dec-17,1275.01,1267.12,1276.38,1265.10,0.65%
21-Dec-17,1266.76,1265.62,1268.97,1263.02,0.09%
20-Dec-17,1265.62,1261.69,1267.84,1261.23,0.31%
19-Dec-17,1261.72,1261.70,1265.26,1258.97,0.00%
18-Dec-17,1261.69,1253.79,1264.37,1252.68,0.51%
15-Dec-17,1255.26,1252.83,1261.89,1251.94,0.19%
14-Dec-17,1252.85,1255.54,1259.18,1249.92,-0.21%
13-Dec-17,1255.45,1243.88,1256.95,1240.06,0.93%
12-Dec-17,1243.85,1242.25,1246.62,1236.31,0.15%
11-Dec-17,1241.96,1247.28,1251.67,1240.19,-0.50%
8-Dec-17,1248.14,1247.34,1252.66,1244.34,0.12%
7-Dec-17,1246.70,1264.26,1264.82,1244.11,-1.36%
6-Dec-17,1263.94,1266.62,1269.32,1262.39,-0.21%
5-Dec-17,1266.55,1276.54,1277.41,1261.11,-0.76%
4-Dec-17,1276.23,1272.93,1277.24,1271.80,-0.31%
1-Dec-17,1280.26,1274.29,1289.58,1271.58,0.43%
30-Nov-17,1274.76,1283.88,1285.70,1270.51,-0.69%
29-Nov-17,1283.57,1293.90,1296.75,1281.98,-0.81%
28-Nov-17,1294.01,1294.85,1297.74,1291.01,-0.04%
27-Nov-17,1294.50,1288.57,1299.20,1286.47,0.49%
24-Nov-17,1288.22,1291.51,1293.61,1286.15,-0.23%
23-Nov-17,1291.25,1292.40,1293.46,1287.46,-0.07%
22-Nov-17,1292.12,1280.38,1294.75,1278.77,0.91%
21-Nov-17,1280.48,1276.70,1284.87,1276.08,0.30%
20-Nov-17,1276.70,1292.68,1294.80,1274.92,-1.37%
17-Nov-17,1294.37,1278.44,1297.04,1277.94,1.24%
16-Nov-17,1278.47,1278.47,1281.60,1274.98,-0.03%
15-Nov-17,1278.80,1281.00,1289.47,1277.04,-0.15%
14-Nov-17,1280.71,1278.17,1283.68,1270.64,0.21%
13-Nov-17,1277.99,1275.16,1280.22,1274.29,0.14%
10-Nov-17,1276.14,1285.21,1287.16,1273.33,-0.71%
9-Nov-17,1285.30,1281.62,1288.72,1280.09,0.31%
8-Nov-17,1281.30,1275.85,1287.52,1275.23,0.45%
7-Nov-17,1275.53,1281.82,1281.97,1271.68,-0.47%
6-Nov-17,1281.55,1269.49,1283.01,1266.05,0.92%
3-Nov-17,1269.85,1276.80,1279.74,1265.55,-0.48%
2-Nov-17,1275.99,1274.91,1284.49,1273.64,0.13%
1-Nov-17,1274.39,1270.88,1281.25,1267.98,0.22%
31-Oct-17,1271.58,1276.29,1278.36,1268.01,-0.37%
30-Oct-17,1276.24,1273.59,1279.29,1268.80,0.23%
27-Oct-17,1273.35,1268.07,1274.80,1264.10,0.49%
26-Oct-17,1267.11,1277.56,1282.80,1265.69,-0.81%
25-Oct-17,1277.41,1276.85,1280.39,1271.03,0.05%
24-Oct-17,1276.72,1282.01,1284.06,1273.43,-0.42%
23-Oct-17,1282.07,1277.45,1283.66,1272.24,0.11%
20-Oct-17,1280.72,1289.57,1291.47,1277.88,-0.70%
19-Oct-17,1289.79,1281.25,1290.69,1276.61,0.67%
18-Oct-17,1281.17,1285.18,1289.08,1277.13,-0.31%
17-Oct-17,1285.19,1295.32,1296.66,1281.69,-0.74%
16-Oct-17,1294.74,1303.88,1306.80,1291.01,-0.78%
13-Oct-17,1304.88,1293.73,1304.88,1291.04,0.87%
12-Oct-17,1293.60,1292.01,1297.60,1289.47,0.14%
11-Oct-17,1291.80,1287.91,1293.56,1284.12,0.31%
10-Oct-17,1287.85,1284.35,1294.63,1282.29,0.29%
9-Oct-17,1284.10,1275.45,1285.50,1275.21,0.63%
6-Oct-17,1276.03,1269.09,1277.18,1260.89,0.63%
5-Oct-17,1268.05,1275.16,1279.42,1266.90,-0.52%
4-Oct-17,1274.69,1271.64,1282.42,1270.85,0.23%
3-Oct-17,1271.75,1270.71,1274.71,1267.91,0.05%
2-Oct-17,1271.12,1279.50,1279.61,1270.45,-0.65%
29-Sep-17,1279.45,1286.91,1290.47,1278.24,-0.61%
28-Sep-17,1287.30,1281.11,1289.00,1277.64,0.48%
27-Sep-17,1281.12,1293.61,1296.54,1281.12,-0.99%
26-Sep-17,1293.89,1309.90,1313.92,1293.04,-1.27%
25-Sep-17,1310.55,1297.67,1311.90,1290.63,1.02%
22-Sep-17,1297.38,1291.30,1299.14,1291.30,0.46%
21-Sep-17,1291.39,1301.02,1302.07,1287.99,-0.75%
20-Sep-17,1301.15,1310.94,1316.25,1295.96,-0.77%
19-Sep-17,1311.28,1307.30,1311.78,1304.98,0.28%
18-Sep-17,1307.57,1320.50,1320.50,1305.03,-0.91%
15-Sep-17,1319.62,1329.83,1334.76,1319.62,-0.77%
14-Sep-17,1329.83,1323.56,1330.69,1316.11,0.50%
13-Sep-17,1323.25,1331.95,1335.05,1320.91,-0.65%
12-Sep-17,1331.94,1327.86,1332.43,1322.55,0.35%
11-Sep-17,1327.32,1337.45,1340.36,1326.36,-1.44%
8-Sep-17,1346.71,1348.83,1357.94,1343.00,-0.18%
7-Sep-17,1349.20,1334.27,1350.27,1332.60,1.13%
6-Sep-17,1334.14,1339.55,1342.84,1331.66,-0.39%
5-Sep-17,1339.33,1335.07,1345.18,1327.96,0.35%
4-Sep-17,1334.67,1334.38,1339.85,1331.92,0.73%
1-Sep-17,1324.97,1321.80,1329.20,1316.65,0.22%
31-Aug-17,1322.07,1308.80,1324.11,1300.82,1.02%
30-Aug-17,1308.76,1309.26,1313.87,1305.26,-0.06%
29-Aug-17,1309.50,1317.75,1326.14,1304.93,-0.08%
28-Aug-17,1310.49,1292.76,1312.99,1292.49,1.50%
25-Aug-17,1291.15,1285.91,1294.14,1278.66,0.37%
24-Aug-17,1286.33,1289.98,1291.30,1284.55,-0.33%
23-Aug-17,1290.62,1285.56,1292.03,1283.09,0.46%
22-Aug-17,1284.72,1291.18,1292.69,1282.11,-0.50%
21-Aug-17,1291.22,1283.60,1293.58,1280.60,0.52%
18-Aug-17,1284.50,1288.20,1301.20,1283.64,-0.27%
17-Aug-17,1288.01,1283.61,1290.47,1282.20,0.38%
16-Aug-17,1283.10,1271.87,1284.29,1268.19,0.86%
15-Aug-17,1272.13,1282.36,1282.77,1267.98,-0.77%
14-Aug-17,1281.95,1289.09,1289.82,1278.12,-0.56%
11-Aug-17,1289.21,1286.45,1292.26,1281.55,0.18%
10-Aug-17,1286.90,1277.56,1288.63,1274.85,0.73%
9-Aug-17,1277.55,1261.41,1279.06,1260.96,1.34%
8-Aug-17,1260.64,1257.61,1265.70,1251.41,0.23%
7-Aug-17,1257.69,1259.03,1260.38,1255.68,-0.07%
4-Aug-17,1258.60,1269.01,1270.94,1254.75,-0.79%
3-Aug-17,1268.65,1266.46,1271.37,1258.70,0.15%
2-Aug-17,1266.70,1268.80,1273.34,1263.18,-0.19%
1-Aug-17,1269.05,1268.80,1274.47,1264.05,-0.04%
31-Jul-17,1269.55,1270.16,1271.48,1265.93,0.02%
28-Jul-17,1269.25,1259.36,1271.34,1257.45,0.81%
27-Jul-17,1259.00,1260.50,1265.49,1254.52,-0.17%
26-Jul-17,1261.10,1250.00,1263.92,1243.91,0.96%
25-Jul-17,1249.05,1254.77,1258.18,1249.01,-0.49%
24-Jul-17,1255.24,1255.66,1259.18,1251.78,0.03%
21-Jul-17,1254.90,1244.16,1256.30,1243.35,0.82%
20-Jul-17,1244.74,1241.03,1247.98,1235.24,0.31%
19-Jul-17,1240.87,1242.58,1244.48,1236.05,-0.13%
18-Jul-17,1242.46,1233.84,1245.06,1233.01,0.65%
17-Jul-17,1234.40,1228.60,1236.44,1228.30,0.44%
14-Jul-17,1228.98,1216.63,1233.16,1214.95,0.95%
13-Jul-17,1217.45,1220.21,1224.92,1216.63,-0.21%
12-Jul-17,1220.00,1217.95,1226.10,1214.51,0.19%
11-Jul-17,1217.69,1214.59,1217.79,1207.89,0.28%
10-Jul-17,1214.35,1213.70,1215.60,1204.85,0.12%
7-Jul-17,1212.90,1224.39,1227.20,1207.25,-1.00%
6-Jul-17,1225.15,1227.06,1229.57,1222.56,-0.15%
5-Jul-17,1226.95,1223.55,1229.34,1217.64,0.24%
4-Jul-17,1223.97,1221.94,1226.74,1220.69,0.29%
3-Jul-17,1220.46,1241.46,1242.83,1218.41,-1.70%
30-Jun-17,1241.60,1244.82,1248.59,1239.70,-0.33%
29-Jun-17,1245.74,1249.18,1253.71,1239.66,-0.29%
28-Jun-17,1249.32,1247.37,1255.11,1247.37,0.18%
27-Jun-17,1247.10,1243.65,1253.13,1241.12,0.21%
26-Jun-17,1244.45,1258.13,1258.54,1236.96,-0.99%
23-Jun-17,1256.90,1250.00,1259.31,1249.74,0.50%
22-Jun-17,1250.62,1245.55,1255.05,1245.55,0.33%
21-Jun-17,1246.55,1243.16,1248.31,1241.25,0.27%
20-Jun-17,1243.19,1244.04,1248.38,1241.38,0.00%
19-Jun-17,1243.25,1254.00,1256.12,1243.22,-0.83%
16-Jun-17,1253.63,1254.36,1257.63,1251.55,-0.03%
15-Jun-17,1254.00,1260.70,1267.04,1251.68,-0.57%
14-Jun-17,1261.18,1266.28,1279.87,1257.15,-0.37%
13-Jun-17,1265.85,1264.75,1269.42,1259.66,0.01%
12-Jun-17,1265.74,1267.42,1271.01,1263.95,-0.05%
9-Jun-17,1266.40,1279.29,1281.30,1264.74,-0.98%
8-Jun-17,1278.90,1287.45,1289.34,1271.49,-0.62%
7-Jun-17,1286.91,1294.39,1295.28,1283.00,-0.55%
6-Jun-17,1294.00,1280.26,1296.47,1279.44,1.10%
5-Jun-17,1279.95,1279.34,1283.77,1278.00,0.00%
2-Jun-17,1279.98,1266.11,1279.98,1259.00,1.13%
1-Jun-17,1265.64,1268.89,1270.72,1261.49,-0.23%
31-May-17,1268.59,1263.05,1274.24,1259.26,0.43%
30-May-17,1263.10,1267.24,1270.86,1259.39,-0.31%
29-May-17,1266.97,1267.47,1269.12,1265.12,-0.01%
26-May-17,1267.05,1255.60,1269.88,1252.88,0.90%
25-May-17,1255.76,1258.49,1260.08,1253.89,-0.22%
24-May-17,1258.55,1251.26,1259.37,1247.70,0.59%
23-May-17,1251.16,1260.13,1264.18,1250.46,-0.74%
22-May-17,1260.46,1256.10,1263.00,1251.61,0.39%
19-May-17,1255.55,1246.67,1256.98,1246.61,0.68%
18-May-17,1247.05,1261.56,1265.54,1245.90,-1.09%
17-May-17,1260.74,1237.31,1261.55,1236.30,1.94%
16-May-17,1236.80,1231.46,1239.50,1230.51,0.49%
15-May-17,1230.71,1228.40,1237.76,1227.20,0.15%
12-May-17,1228.83,1225.41,1232.26,1224.55,0.32%
11-May-17,1224.85,1218.74,1228.20,1217.81,0.47%
10-May-17,1219.15,1221.42,1226.15,1217.49,-0.18%
9-May-17,1221.30,1226.12,1229.01,1214.21,-0.41%
8-May-17,1226.30,1225.67,1237.10,1225.36,-0.12%
5-May-17,1227.74,1227.93,1235.79,1225.83,0.00%
4-May-17,1227.75,1238.66,1241.77,1225.70,-0.86%
3-May-17,1238.38,1256.71,1257.29,1236.41,-1.47%
2-May-17,1256.90,1256.51,1257.89,1251.48,0.01%
1-May-17,1256.80,1268.60,1271.60,1254.16,-0.90%
28-Apr-17,1268.15,1264.26,1269.08,1263.30,0.28%
27-Apr-17,1264.60,1268.80,1270.53,1261.61,-0.35%
26-Apr-17,1269.05,1264.41,1271.10,1260.30,0.42%
25-Apr-17,1263.76,1276.96,1278.57,1261.81,-0.90%
24-Apr-17,1275.30,1269.88,1277.48,1266.01,-0.72%
21-Apr-17,1284.50,1281.96,1288.67,1278.43,0.21%
20-Apr-17,1281.85,1280.06,1283.79,1276.74,0.17%
19-Apr-17,1279.66,1290.21,1291.51,1276.48,-0.77%
18-Apr-17,1289.64,1284.94,1292.70,1279.40,0.38%
17-Apr-17,1284.80,1292.96,1295.92,1281.61,-0.07%
14-Apr-17,1285.69,1287.35,1288.75,1285.31,-0.16%
13-Apr-17,1287.74,1285.54,1289.03,1281.74,0.09%
12-Apr-17,1286.60,1274.51,1287.29,1272.42,0.95%
11-Apr-17,1274.44,1255.23,1275.55,1253.29,1.57%
10-Apr-17,1254.73,1254.26,1257.70,1247.50,0.05%
7-Apr-17,1254.05,1252.11,1270.96,1250.80,0.18%
6-Apr-17,1251.80,1256.40,1259.46,1249.85,-0.28%
5-Apr-17,1255.30,1255.73,1257.78,1243.85,-0.07%
4-Apr-17,1256.22,1255.46,1261.90,1254.46,0.23%
3-Apr-17,1253.35,1248.40,1254.20,1244.55,0.34%
31-Mar-17,1249.13,1242.83,1251.11,1240.05,0.47%
30-Mar-17,1243.30,1253.10,1254.20,1242.61,-0.73%
29-Mar-17,1252.45,1251.64,1255.16,1247.25,0.07%
28-Mar-17,1251.63,1253.82,1258.46,1247.52,-0.21%
27-Mar-17,1254.30,1248.01,1261.53,1247.69,0.81%
24-Mar-17,1244.17,1244.88,1252.28,1240.72,-0.09%
23-Mar-17,1245.30,1248.86,1253.62,1242.84,-0.32%
22-Mar-17,1249.35,1244.15,1251.76,1243.89,0.35%
21-Mar-17,1245.00,1233.78,1248.10,1226.82,0.90%
